property_name,location,headline,description,board_name,keyword_focus,image,destination_url
The Cozy Cactus,"Indio, CA
Near Palm Springs & Coachella",Where Families Create Desert Memories That Last,Create unforgettable family memories at The Cozy Cactus. This spacious vacation rental sleeps 8 with shared pool private hot tub and private putting green. Walking distance to Coachella 20 minutes from downtown Palm Springs easy access to Joshua Tree. Perfect for multi-gen getaways and desert adventures. Book indigopalm.co/cozy-cactus #PalmSprings #FamilyVacation #Indio #Coachella #VacationRental #PoolHouse #HotTub #JoshuaTree #DesertGetaway #CaliforniaTravel,Family Vacation Ideas,family vacation rental palm springs,DSC00261.jpg,https://bit.ly/indigopalm-cozycactus
The Cozy Cactus,"Indio, CA
Near Palm Springs & Coachella",Walk to Coachella Walk Home Safe,Your Coachella home base in Indio. The Cozy Cactus is literally walking distance to festival grounds. No Uber surge pricing no designated driver needed. Sleeps 8 with private hot tub putting green shared pool. 20 min from Palm Springs. Perfect for festival crews and family groups. Book indigopalm.co/cozy-cactus #Coachella #Indio #FestivalRental #WalkingDistance #PalmSprings #VacationRental #Stagecoach #MusicFestival #GroupTravel #DesertGetaway,Coachella Accommodation,coachella walking distance,DSC00261.jpg,https://bit.ly/indigopalm-cozycactus
The Cozy Cactus,"Indio, CA
Near Palm Springs & Coachella",Tee Off at Sunset in Your Private Desert Backyard,Private putting green at The Cozy Cactus in Indio. Practice your swing before hitting Palm Springs legendary golf courses. This family-friendly backyard features full putting green hot tub patio lounging. All walking distance to Coachella. Perfect for golfers families and groups of 8. Book indigopalm.co/cozy-cactus #PalmSprings #GolfVacation #PuttingGreen #FamilyVacation #Indio #Coachella #DesertGetaway #BackyardGoals #PalmSpringsGolf #VacationRental,Family Vacation Ideas,palm springs golf vacation,DSC00261.jpg,https://bit.ly/indigopalm-cozycactus
The Cozy Cactus,"Indio, CA
Near Palm Springs & Coachella",Golf Hot Tub Repeat Your Backyard Paradise,The ultimate backyard at The Cozy Cactus. Private putting green hot tub covered patio and mountain views. Perfect for families of 8 who want unique entertainment. Located in Indio walking distance to Coachella 20 min from Palm Springs golf courses. Book indigopalm.co/cozy-cactus #PalmSprings #PuttingGreen #HotTub #BackyardGoals #FamilyVacation #Indio #Coachella #DesertGetaway #OutdoorLiving #VacationRental,Palm Springs Vacation Rentals,putting green hot tub,DSC00261.jpg,https://bit.ly/indigopalm-cozycactus
The Cozy Cactus,"Indio, CA
Near Palm Springs & Coachella",Hot Tub Under Desert Stars After Festival Days,Soak under the stars at The Cozy Cactus. Private hot tub with mountain views perfect for post-Coachella recovery or evening relaxation. Sleeps 8 in Indio walking distance to festival grounds. 20 min from Palm Springs. Your desert escape with unique backyard amenities. Book indigopalm.co/cozy-cactus #PalmSprings #HotTub #Coachella #FestivalRecovery #Indio #VacationRental #DesertGetaway #MountainViews #OutdoorLiving #RelaxationMode,Pool Vacation Homes,hot tub vacation rental,DSC00261.jpg,https://bit.ly/indigopalm-cozycactus
The Cozy Cactus,"Indio, CA
Near Palm Springs & Coachella",Where Generations Gather After Desert Adventures,Room to breathe at The Cozy Cactus. This spacious Indio vacation rental features open-concept living high ceilings and comfortable gathering spaces for 8 guests. Walking distance to Coachella 20 min from Palm Springs. Private hot tub putting green shared pool. Every generation finds their space here. Book indigopalm.co/cozy-cactus #PalmSprings #FamilyVacation #SpaciousRental #Indio #Coachella #MultiGen #VacationRental #DesertGetaway #OpenConcept #FamilyTravel,Family Vacation Ideas,spacious family rental,10TW_DZ5A8636web.jpg,https://bit.ly/indigopalm-cozycactus
The Cozy Cactus,"Indio, CA
Near Palm Springs & Coachella",Sweet Dreams in Your Desert Sanctuary,Comfort for 8 guests at The Cozy Cactus. Spacious bedrooms with unique touches like in-room hammocks. Walking distance to Coachella festival 20 min from Palm Springs. Shared pool private hot tub putting green and patio lounging. Every room designed for rest and connection. Book indigopalm.co/cozy-cactus #PalmSprings #FamilyVacation #Indio #Coachella #VacationRental #DesertGetaway #SleepsEight #CozyBedrooms #FamilyTravel #Hammock,Family Vacation Ideas,cozy bedrooms,DSC00261.jpg,https://bit.ly/indigopalm-cozycactus
The Cozy Cactus,"Indio, CA
Near Palm Springs & Coachella",Every Family Detail Thoughtfully Covered,Traveling with kids? The Cozy Cactus has you covered. Organized storage bunk beds family amenities and all the little touches that make vacation easier for 8 guests. Located in Indio walking distance to Coachella 20 min from Palm Springs. Private hot tub putting green. We have thought of everything. Book indigopalm.co/cozy-cactus #FamilyVacation #PalmSprings #KidFriendly #FamilyTravel #Indio #Coachella #VacationRental #OrganizedHome #DesertGetaway #BunkBeds,Family Vacation Ideas,family friendly amenities,DSC00261.jpg,https://bit.ly/indigopalm-cozycactus
The Cozy Cactus,"Indio, CA
Near Palm Springs & Coachella",Your Multi-Gen Desert Escape with Modern Comforts,Grandparents to grandkids everyone finds their happy place at The Cozy Cactus. Comfortable bedrooms shared spaces and desert views for days. Sleeps 8 in Indio walking distance to Coachella 20 min from Palm Springs. Private hot tub putting green shared pool. Book indigopalm.co/cozy-cactus #PalmSprings #FamilyVacation #MultiGenerational #Indio #Coachella #VacationRental #DesertGetaway #FamilyTravel #DesertViews #ComfortableSpaces,Family Vacation Ideas,multigenerational vacation,DSC00261.jpg,https://bit.ly/indigopalm-cozycactus
The Cozy Cactus,"Indio, CA
Near Palm Springs & Coachella",Your Desert Sanctuary Steps from the Festival,Walk to Coachella return to your private oasis. The Cozy Cactus offers the perfect balance. Steps from festival grounds peaceful backyard sanctuary with hot tub and putting green. Sleeps 8 comfortably. 20 min from Palm Springs. Book your festival home base at indigopalm.co/cozy-cactus #Coachella #Indio #FestivalRental #WalkingDistance #PalmSprings #VacationRental #HotTub #PuttingGreen #DesertGetaway #MusicFestival,Coachella Accommodation,festival walking distance,DSC00261.jpg,https://bit.ly/indigopalm-cozycactus
The Cozy Cactus,"Indio, CA
Near Palm Springs & Coachella",Where Morning Coffee Meets Mountain Sunrises,Start your day on the covered patio at The Cozy Cactus. Outdoor couches mountain views and desert serenity. This Indio vacation rental sleeps 8 with private hot tub putting green shared pool. Walking distance to Coachella 20 min from Palm Springs. Your outdoor living dream awaits. Book indigopalm.co/cozy-cactus #PalmSprings #VacationRental #OutdoorLiving #MorningCoffee #Indio #Coachella #DesertGetaway #MountainViews #PatioLiving #CoveredPatio,Palm Springs Vacation Rentals,outdoor living patio,DSC00261.jpg,https://bit.ly/indigopalm-cozycactus
The Cozy Cactus,"Indio, CA
Near Palm Springs & Coachella",Space to Spread Out Moments to Connect,8 guests no crowding. The Cozy Cactus gives everyone their own space while creating natural gathering spots for connection. Located in Indio walking distance to Coachella. Private hot tub putting green spacious interiors outdoor living. 20 min from Palm Springs. Book indigopalm.co/cozy-cactus #PalmSprings #FamilyVacation #SpaciousRental #Indio #Coachella #VacationRental #DesertGetaway #FamilyTravel #RoomToBreath #GatheringSpaces,Family Vacation Ideas,spacious vacation rental,10TW_DZ5A8636web.jpg,https://bit.ly/indigopalm-cozycactus
