property_name,headline,description,board_name,keyword_focus
Casa Moto,Where Mid-Century Modernism Meets Cuban Soul,"Discover Casa Moto, a Palm Springs sanctuary blending 1960s MCM architecture with vibrant Cuban-inspired interiors. Private pool, indoor/outdoor living, 5 minutes from downtown. Book at Indigo Palm Collective.",Palm Springs Vacation Rentals,palm springs vacation rental
Casa Moto,Havana Nights in the California Desert,"Casa Moto brings Old Havana's warmth to Palm Springs. Cocooned elegance meets desert modernism. Your sanctuary awaits. #PalmSprings #MCM #VacationRental",Mid-Century Modern Homes,cuban inspired home
Casa Moto,A Cocooned Sanctuary Where Design Tells Stories,"Every corner of Casa Moto whispers a story. Collected treasures, terracotta warmth, and California sunshine. Experience the art of living well in Palm Springs.",Desert Travel Inspiration,mid century modern vacation rental
Casa Moto,Your Coachella Home Base with Old World Soul,"5 minutes from festival grounds, a world away in ambiance. Casa Moto offers cocooned calm before and after Coachella. Private pool, Cuban flair, desert magic.",Coachella Accommodation,coachella vacation rental
Casa Moto,Indoor-Outdoor Living Perfected in Palm Springs,"Seamless flow from vintage Cuban interiors to your private desert oasis. Casa Moto redefines California indoor-outdoor living with MCM precision and Latin warmth.",Pool Vacation Homes,palm springs pool house
Casa Moto,Design-Conscious Travelers: Your Palm Springs Sanctuary,"For those who appreciate patina over perfection. Casa Moto celebrates wabi-sabi beauty, collected design, and sensory richness. Book your creative retreat.",Mid-Century Modern Homes,design lovers vacation rental
Casa Moto,Terracotta Sunsets and Cuban Coffee Mornings,"Start your day with Cuban coffee by the pool, end with terracotta sunsets against San Jacinto Mountains. Casa Moto is your rhythm reset in Palm Springs.",Palm Springs Vacation Rentals,romantic palm springs getaway
Casa Moto,Where Latin Warmth Embraces Desert Cool,"Casa Moto fuses the vibrant soul of Havana with Palm Springs' iconic modernism. A cultural sanctuary for travelers seeking depth, not just design.",Desert Travel Inspiration,cultural vacation rental
Casa Moto,Your Private Palm Springs Hideaway with Global Soul,"Escape the ordinary at Casa Moto. Mid-century bones, Latin heart, collected global treasures. This is how experiential travel should feel.",Palm Springs Vacation Rentals,palm springs hideaway
Casa Moto,Stagecoach Weekend in a Cuban-Californian Oasis,"Country music meets Cuban flair. Casa Moto offers festival-goers a sophisticated basecamp with private pool, indoor/outdoor flow, and Old World charm.",Stagecoach Vacation Rentals,stagecoach weekend rental
Casa Moto,A Home for Design Pilgrims and Sunset Seekers,"Casa Moto isn't just accommodation—it's an experience. For travelers who crave authenticity, beauty, and a story worth telling.",Mid-Century Modern Homes,experiential vacation rental
Casa Moto,Palm Springs Magic: MCM Architecture Meets Latin Fire,"Discover the unexpected fusion that makes Casa Moto unforgettable. Book your stay at Indigo Palm Collective and ignite your inner energy.",Palm Springs Vacation Rentals,palm springs unique rental
The Cozy Cactus,Where Families Create Desert Memories That Last,"The Cozy Cactus sleeps 8 with hot tub, fire pit, and endless starry skies. Multi-generational magic in Joshua Tree country. Book your family adventure.",Family Vacation Ideas,family vacation rental palm springs
The Cozy Cactus,Joshua Tree Adventures Start at Your Doorstep,"Wake to desert sunrises, explore Joshua Tree National Park, return to your private hot tub. The Cozy Cactus is your family basecamp for desert exploration.",Joshua Tree Adventures,joshua tree vacation rental
The Cozy Cactus,Hot Tub Under Desert Stars: Family Bliss,"After hiking, gather around the fire pit or soak in the hot tub under a blanket of stars. The Cozy Cactus delivers family connection in nature.",Pool Vacation Homes,hot tub vacation rental
The Cozy Cactus,Group Getaways Done Right in Palm Springs,"Spacious layout for 8 guests, full kitchen, outdoor living, and room to breathe. The Cozy Cactus makes group travel effortless and joyful.",Palm Springs Vacation Rentals,group vacation rental palm springs
The Cozy Cactus,Your Multi-Gen Desert Escape with Modern Comforts,"Grandparents to grandkids, everyone finds their happy place at The Cozy Cactus. Comfortable bedrooms, shared spaces, and desert views for days.",Family Vacation Ideas,multigenerational vacation
The Cozy Cactus,Coachella Crew Headquarters with Backyard Vibes,"Fits your whole festival crew with hot tub, fire pit, and chill-out spaces. The Cozy Cactus is your Coachella recovery sanctuary.",Coachella Accommodation,coachella group rental
The Cozy Cactus,Desert Sunsets and Family Game Nights,"Large living spaces, game areas, and outdoor fire pit create the perfect setting for quality family time. The Cozy Cactus brings everyone together.",Family Vacation Ideas,family friendly palm springs
The Cozy Cactus,Nature Immersion for Families Who Crave Adventure,"Hike Joshua Tree by day, stargaze by night. The Cozy Cactus positions your family at the heart of desert exploration with all the comforts.",Joshua Tree Adventures,nature vacation rental
The Cozy Cactus,Space to Spread Out, Moments to Connect,"8 guests, no crowding. The Cozy Cactus gives everyone their own space while creating natural gathering spots for connection.",Palm Springs Vacation Rentals,spacious vacation rental
The Cozy Cactus,Fire Pit Storytelling and S'mores Under the Stars,"Create traditions at The Cozy Cactus. Evening fire pit gatherings become the highlight of your family's desert adventure.",Family Vacation Ideas,family vacation fire pit
The Cozy Cactus,Active Families: Your Palm Springs Adventure Hub,"Hiking, biking, exploring—then return to hot tub relaxation. The Cozy Cactus fuels your family's adventurous spirit with home-base comfort.",Family Vacation Ideas,active family vacation
The Cozy Cactus,Where Kids and Adults Both Find Their Happy,"Separate spaces for different ages, shared experiences for all. The Cozy Cactus understands family dynamics and delivers for everyone.",Family Vacation Ideas,kid friendly palm springs
PS Retreat,Authentic 1960s Desert Modernism Preserved,"Step into architectural history at PS Retreat on Waverly Drive. Original MCM details, curated vintage furnishings, pure Palm Springs pedigree.",Mid-Century Modern Homes,mid century modern rental
PS Retreat,For MCM Purists: Waverly Drive's Best-Kept Secret,"No trendy updates, just honest preservation of 1960s desert modernism. PS Retreat honors the era with respect and restraint.",Mid-Century Modern Homes,authentic mcm rental
PS Retreat,Where Architecture Enthusiasts Come to Study,"Flat rooflines, clerestory windows, indoor-outdoor flow—PS Retreat is a masterclass in desert modernism. Book your architectural pilgrimage.",Desert Travel Inspiration,architecture vacation rental
PS Retreat,Classic Palm Springs on Iconic Waverly Drive,"Location matters. PS Retreat sits on one of Palm Springs' most coveted MCM streets, minutes from downtown, worlds away from ordinary.",Palm Springs Vacation Rentals,waverly drive rental
PS Retreat,Minimalist Luxury for Design-Minded Couples,"Clean lines, curated vintage, no clutter. PS Retreat appeals to couples who appreciate restraint, authenticity, and architectural integrity.",Couples Retreats,minimalist vacation rental
PS Retreat,Your Private Palm Springs Architectural Gem,"PS Retreat isn't mass-market. This is for travelers who know the difference between reproduction and the real thing. Book your authentic MCM stay.",Mid-Century Modern Homes,palm springs architectural rental
PS Retreat,Sunset Views from Your Private Mid-Century Oasis,"Watch the San Jacinto Mountains glow at golden hour from your PS Retreat poolside. This is the Palm Springs dream, authentically delivered.",Pool Vacation Homes,palm springs sunset views
PS Retreat,Stagecoach Style: Country Soul in MCM Cool,"Festival weekends meet design credibility at PS Retreat. Authentic vibes, walkable location, private sanctuary for discerning festival-goers.",Stagecoach Vacation Rentals,stagecoach palm springs rental
PS Retreat,Vintage Palm Springs Vibes Without the Kitsch,"PS Retreat delivers period-correct design without veering into parody. This is sophisticated preservation for guests with taste.",Mid-Century Modern Homes,vintage palm springs rental
PS Retreat,Architectural Integrity Meets Modern Comfort,"Original bones, thoughtful updates where it counts. PS Retreat balances preservation with livability for today's design-conscious travelers.",Mid-Century Modern Homes,historic palm springs rental
PS Retreat,Where Every Detail Honors the Golden Era,"From door handles to light fixtures, PS Retreat respects its 1960s roots. Experience Palm Springs as it was meant to be.",Mid-Century Modern Homes,1960s palm springs rental
PS Retreat,Your Quiet Escape on Palm Springs' Most Coveted Street,"Waverly Drive whispers while downtown buzzes nearby. PS Retreat offers the best of both worlds: iconic location, peaceful sanctuary.",Palm Springs Vacation Rentals,quiet palm springs rental
The Well,Where Wellness Meets Desert Solitude,"Designed for two souls seeking restoration. The Well offers yoga space, meditation corners, and serene desert views. Your couples wellness retreat awaits.",Couples Retreats,wellness vacation rental
The Well,A Sanctuary for Two in the Heart of Palm Springs,"No distractions, just connection. The Well creates space for couples to unplug, unwind, and rediscover each other in desert tranquility.",Couples Retreats,romantic couples retreat
The Well,Your Desert Detox and Digital Disconnect,"Leave notifications behind at The Well. Thoughtfully designed for presence, mindfulness, and the kind of rest that actually restores.",Wellness Travel,digital detox vacation
The Well,Romantic Palm Springs Hideaway Built for Connection,"Intimate spaces, thoughtful design, no unnecessary excess. The Well understands what couples truly need: time, space, and beauty.",Couples Retreats,romantic palm springs getaway
The Well,Where Morning Yoga Meets Desert Sunrise,"Start your day with intention at The Well. Dedicated yoga space, meditation nooks, and sunrise views set the tone for mindful living.",Wellness Travel,yoga vacation rental
The Well,Minimalist Design, Maximum Presence,"Clean lines and uncluttered spaces at The Well help you focus on what matters: connection, rest, and the desert's quiet wisdom.",Couples Retreats,minimalist couples retreat
The Well,Your Private Palm Springs Wellness Sanctuary,"No spa appointments needed—The Well IS the spa. Create your own rituals of restoration in this couples-focused haven.",Wellness Travel,private wellness retreat
The Well,For Couples Who Crave Depth Over Distraction,"The Well attracts intentional travelers. If you seek meaningful experiences over Instagram moments, this is your Palm Springs sanctuary.",Couples Retreats,mindful couples vacation
The Well,Desert Silence and Soul Connection,"Experience the healing power of quiet at The Well. Designed for couples ready to slow down and tune in to each other and the desert.",Wellness Travel,quiet couples retreat
The Well,Thoughtfully Curated for Your Wellness Journey,"From kitchen amenities to meditation cushions, every detail at The Well supports your intention to rest, restore, and reconnect.",Wellness Travel,curated wellness retreat
The Well,Coachella Calm: Your Festival Recovery Oasis,"Balance festival energy with restorative downtime at The Well. Perfect for couples who want Coachella experience + wellness sanctuary.",Coachella Accommodation,wellness coachella rental
The Well,Where Two Become One with the Desert,"The Well's intimate design dissolves boundaries between indoor comfort and outdoor serenity. Your couples journey to presence starts here.",Couples Retreats,intimate desert retreat
